title,id,org_type,pageLink,logo,name_fa,name_en,name_short,location,post_location,internetAddress,contact,phone,about,expertise,history,manifest,coc,estimationOfMembers,political_orientation,markForEdit,social_telegram,social_facebook,social_youtube,social_x,social_instagram,created_at,updated_at,mark_for_delete,delete_reason,deleted_at,headerBg
Be-Name-Mahsa,59,ORG,/op/Be-Name-Mahsa,logos/59.png,,Be Name Mahsa,,IT,,https://benamemahsa.it/,,,,,,,,,,,,,,,,,,,,,"background-image: linear-gradient(120deg, #fdfbfb 0%, #ebedee 100%);"
بلک-بلاک,178,گوناگون,/op/بلک-بلاک,logos/temporary.png,بلک بلاک,,,,,,,,,,,,,,,,,,,,,,,,,,"background-image: linear-gradient(120deg, #fdfbfb 0%, #ebedee 100%);"
متحد-برای-ایران,22,ORG,/op/متحد-برای-ایران,logos/22.png,متحد برای ایران,United for Iran,,US,,https://united4iran.org/fa/,media@united4iran.orginfo@united4iran.org,,"United for Iran (U4I) is a non-profit organization founded and run by Iranian activists and former political prisoners. It's dedicated to advancing civil liberties and human rights in Iran through various initiatives focused on empowering Iranian civil society, supporting freedom movements, and building people power.","Strengthening social movements, freedom fighters, civil society, marginalized communities and ordinary people of Iran in the way of collective advancement of social equality and human rights.",Global Day of Action (2009),,,,,,,,,,,,,,,,"background-image: linear-gradient(120deg, #fdfbfb 0%, #ebedee 100%);"
انجمن-بین-المللی-پزشکان-و-ارائه-دهندگان-مراقبت-های-بهداشتی-ایران,4,ORG,/op/انجمن-بین-المللی-پزشکان-و-ارائه-دهندگان-مراقبت-های-بهداشتی-ایران,logos/4.png,انجمن بین المللی پزشکان و ارائه دهندگان مراقبت های بهداشتی ایران,International Iranian Physicians and Healthcare providers Association,,US,,https://iipha.org/fa/%d8%ae%d8%a7%d9%86%d9%87/,info@iipha.org,,,Healthcare,,,,,,,,,,,,,,,,,"background-image: linear-gradient(120deg, #fdfbfb 0%, #ebedee 100%);"
DADBAN,75,H_ORG,/op/DADBAN,logos/75.png,,DADBAN,,TR,,https://dadban.info/ ,https://dadban.info/about-us/,,,"Dadban' is an effort by a group of lawyers and jurists that started working in November 1400. The main goal of Dodban is to provide legal advice to citizens who work in the field of human rights in any way. In addition to counseling, Dodban produces educational content to inform citizens. It should be mentioned that Dodban does not have any commercial activity and offers all its services for free. Dadban is only a legal and educational base and is not affiliated with any political organization and does not follow any political line of thought.",,,,,,,,,,https://twitter.com/dadban4,,,,,,,"background-image: linear-gradient(120deg, #fdfbfb 0%, #ebedee 100%);"
کانون-خاوران,106,ORG,/op/کانون-خاوران,logos/temporary.png,کانون خاوران,,,,,,,,,,,,,,,,,,,,,,,,,,"background-image: linear-gradient(120deg, #fdfbfb 0%, #ebedee 100%);"
رد-انون-uav,179,گوناگون,/op/رد-انون-uav,logos/temporary.png,رد انون uav,,,,,,,,,,,,,,,,,,,,,,,,,,"background-image: linear-gradient(120deg, #fdfbfb 0%, #ebedee 100%);"
عدالت-ps752,24,ORG,/op/عدالت-ps752,logos/24.png,عدالت ps752,PS752 Justice,,CA,,https://www.ps752justice.com/,"pmrc@ps752justice.com, contact@ps752justice.com",,"represents the Association of Families of Flight PS752 Victims, a non-profit organization dedicated to seeking justice for the victims of Ukraine International Airlines Flight 752, which was tragically shot down by the Iranian Revolutionary Guard Corps (IRGC) in January 2020.",,,,,,,,,,,,,,,,,,"background-image: linear-gradient(120deg, #fdfbfb 0%, #ebedee 100%);"
تشکل-انقلاب-زنانه,140,ORG,/op/تشکل-انقلاب-زنانه,logos/temporary.png,تشکل انقلاب زنانه,,,,,,,,,,,,,,,,,,,,,,,,,,"background-image: linear-gradient(120deg, #fdfbfb 0%, #ebedee 100%);"
کانون-حامیان-عدالت,105,ORG,/op/کانون-حامیان-عدالت,logos/temporary.png,کانون حامیان عدالت,The Center for Supporters of Justice,,,,https://www.youtube.com/@user-nh7sc8kn5p/featured,,,"The Center for Supporters of Justice is a non-governmental organization that works with the aim of protecting the rights of citizens and expanding justice in society. By providing free legal services to people in need, holding educational and informational workshops in the field of citizenship rights, this center tries to increase public awareness in this field and help citizens to defend their rights.The Center for Supporters of Justice is an independent and non-profit organization that provides its budget through public donations and charities. Relying on its volunteer and expert forces, this center tries to help achieve justice in the society and respect the rights of citizens.",,,,,,,,,,,,,,,,,,"background-image: linear-gradient(120deg, #fdfbfb 0%, #ebedee 100%);"
تشکل-رنگین-کمانان-ایرانی,141,ORG,/op/تشکل-رنگین-کمانان-ایرانی,logos/temporary.png,تشکل رنگین کمانان ایرانی,,,,,,,,,,,,,,,,,,,,,,,,,,"background-image: linear-gradient(120deg, #fdfbfb 0%, #ebedee 100%);"
"DONNA,-LETTA,-LIBERTA---GENOVA",62,ORG,"/op/DONNA,-LETTA,-LIBERTA---GENOVA",logos/62.png,,"DONNA, LETTA, LIBERTA - GENOVA",,IT,,,-,,,,,,,,,,,,,,,,,,,,"background-image: linear-gradient(120deg, #fdfbfb 0%, #ebedee 100%);"
ندای-دانشگاهیان-آزادی‌خواه-ایران-(ندا),10,ORG,/op/ندای-دانشگاهیان-آزادی‌خواه-ایران-(ندا),logos/10.png,ندای دانشگاهیان آزادی‌خواه ایران (ندا),,,,,ندای دانشگاهیان آزادی‌خواه ایران (ندا) (@NedaIran2022) / Twitter,,,,,,,,,,,,,,,,,,,,,"background-image: linear-gradient(120deg, #fdfbfb 0%, #ebedee 100%);"
بریزبن-برای-ایران,65,ORG,/op/بریزبن-برای-ایران,logos/65.png,بریزبن برای ایران,,,AUS,,https://www.instagram.com/brisbane_for_iran,,,,,,,,,,,,,,,,,,,,,"background-image: linear-gradient(120deg, #fdfbfb 0%, #ebedee 100%);"
کمیته-دفاع-از-حقوق-بشر-در-ایران-–-اتریش,110,ORG,/op/کمیته-دفاع-از-حقوق-بشر-در-ایران-–-اتریش,logos/temporary.png,کمیته دفاع از حقوق بشر در ایران – اتریش,,,,,,,,,,,,,,,,,,,,,,,,,,"background-image: linear-gradient(120deg, #fdfbfb 0%, #ebedee 100%);"
زنان-فمنیست-و-کوییر-ایرانی-در-تورنتو,99,ORG,/op/زنان-فمنیست-و-کوییر-ایرانی-در-تورنتو,logos/temporary.png,زنان فمنیست و کوییر ایرانی در تورنتو,Iranian feminist and queer women in Toronto,,,,,,,,,,,,,,,,,,,,,,,,,"background-image: linear-gradient(120deg, #fdfbfb 0%, #ebedee 100%);"
zza-group,181,گوناگون,/op/181,logos/temporary.png,,zza-group,,,,None,,,,,,,,,,,,,,https://x.com/zza_group,,,,,,,"background-image: linear-gradient(120deg, #fdfbfb 0%, #ebedee 100%);"
سازمان-زنان-ایرانی-انتاریو,15,ORG,/op/سازمان-زنان-ایرانی-انتاریو,logos/15.png,سازمان زنان ایرانی انتاریو,Iranian Women's Organization Ontario,,Canada,"1761 Sheppard Ave. East, Ground FloorToronto, ON M2J 0A5",https://iwontario.com/,info@iwontario.com,,"The Iranian Women's Organization of Ontario (IWOO) is a non-profit organization based in Toronto, Canada, dedicated to empowering and supporting Farsi-speaking women and their families.","Support, empower, and unite women.","Established in 1989, IWOO has evolved from a volunteer-based association to a professionally managed organization with a clear strategic direction.",,,,,,,,,,,,,,,,"background-image: linear-gradient(120deg, #fdfbfb 0%, #ebedee 100%);"
کمیته-دفاع-از-زندانیان-سیاسی-ایران--دانمارک,112,ORG,/op/کمیته-دفاع-از-زندانیان-سیاسی-ایران--دانمارک,logos/temporary.png,کمیته دفاع از زندانیان سیاسی ایران- دانمارک,,,,,,,,,,,,,,,,,,,,,,,,,,"background-image: linear-gradient(120deg, #fdfbfb 0%, #ebedee 100%);"
Roja.-Paris,159,ORG,/op/Roja.-Paris,logos/temporary.png,,Roja. Paris,,,,https://www.instagram.com/roja.paris/,,,,,,,,,,,,,,,,,,,,,"background-image: linear-gradient(120deg, #fdfbfb 0%, #ebedee 100%);"
ایران-آزاد-PDX,40,ORG,/op/ایران-آزاد-PDX,logos/40.png,ایران آزاد PDX,Free Iran PDX,,"Oregon, USA",,https://www.freeiranpdx.org/,info@freeiranpdx.com,,"Free Iran PDX is a grassroots movement based in Portland, Oregon, dedicated to supporting the ongoing fight for freedom and human rights in Iran.              Solidarity with the Iranian People: They stand in solidarity with Iranians protesting against the oppressive regime, particularly highlighting the 'Woman, Life, Freedom' movement sparked by the death of Mahsa Amini.Advocacy and Awareness: They raise awareness about the human rights abuses in Iran and advocate for change through various actions.Community Building: They provide a platform for the Iranian diaspora in Portland to connect, organize, and express their support for the movement in Iran.","Free Iran PDX was created by a group of devoted volunteers after the tragic death of Mahsa Amini to spread awareness and create community support for fellow Iranians living in Portland, OR as well as across the country",,,,,,,,,,,,,,,,,"background-image: linear-gradient(120deg, #fdfbfb 0%, #ebedee 100%);"
J-cocreation-space,155,ORG,/op/J-cocreation-space,logos/temporary.png,,J cocreation space,,based in DEwith international members,,,,,,,,,,,,,,,,,,,,,,,"background-image: linear-gradient(120deg, #fdfbfb 0%, #ebedee 100%);"
brdz1401,182,گوناگون,/op/182,logos/temporary.png,,brdz1401,,,,None,,,,,,,,,,,,,,https://x.com/brdz1401,,,,,,,"background-image: linear-gradient(120deg, #fdfbfb 0%, #ebedee 100%);"
کمک-های-اولیه-ایران,45,ORG,/op/کمک-های-اولیه-ایران,logos/45.png,کمک های اولیه ایران,FIRST AID IRAN,,DE,,,,,,,,,,,,,,,,,,,,,,,"background-image: linear-gradient(120deg, #fdfbfb 0%, #ebedee 100%);"
سازمان-صدای-زنان-برای-تغییر,126,ORG,/op/سازمان-صدای-زنان-برای-تغییر,logos/temporary.png,سازمان صدای زنان برای تغییر,,,,,,,,,,,,,,,,,,,,,,,,,,"background-image: linear-gradient(120deg, #fdfbfb 0%, #ebedee 100%);"
Iranians-of-Berlin,168,ORG,/op/Iranians-of-Berlin,logos/temporary.png,,Iranians of Berlin,,"Berlin, DEmany",,,,,,,,,,,,,,,,,,,,,,,"background-image: linear-gradient(120deg, #fdfbfb 0%, #ebedee 100%);"
جامعه-ایرانی-نیوکاسل,89,ORG,/op/جامعه-ایرانی-نیوکاسل,logos/89.png,جامعه ایرانی نیوکاسل,Iranian community of Newcastle,,", Australia.","Newcastle Civic Park, King St, Newcastle NSW 2300",https://www.acnc.gov.au/charity/charities/0576bb67-3aaf-e811-a95e-000d3ad24c60/profile,mojganhabibi@hotmail.com,,"The Iranian community in Newcastle, Australia, is a vibrant and growing group actively contributing to the city's multicultural landscape. They have established several organizations, like the Australian Iranian Community of Newcastle (AICN), to foster cultural exchange, support newcomers, and celebrate their heritage.",,,,,,,,,,,,,,,,,,"background-image: linear-gradient(120deg, #fdfbfb 0%, #ebedee 100%);"
ایران-نوین,,,/op/ایران-نوین,,ایران نوین,,,,,https://www.moderniran.org,,,,,,https://archive.is/m89ZU,,,,,,,,,,,,,,,"background-image: linear-gradient(120deg, #fdfbfb 0%, #ebedee 100%);"
برای-آزادی-ایران,14,ORG,/op/برای-آزادی-ایران,logos/14.png,برای آزادی ایران,,,TR,,,,,"seems to be related to the ongoing protests and movement for freedom and human rights in Iran, with a focus on the Turkish perspective or support from Turkey.                                                                                                                           The Turkish people and government have shown significant support for the Iranian protests, with many Turkish citizens participating in demonstrations and expressing solidarity online. This phrase likely reflects that sentiment and highlights the transnational nature of the movement for freedom in Iran.",,,,,,,,,,,,,,,,,,"background-image: linear-gradient(120deg, #fdfbfb 0%, #ebedee 100%);"
گروه-همبستگی-ملی-ایران,36,ORG,/op/گروه-همبستگی-ملی-ایران,logos/36.png,گروه همبستگی ملی ایران,National Solidarity group of Iran,,US,,https://www.woman-life-liberty.com/    https://www.instagram.com/nsgiran/?hl=en,https://www.woman-life-liberty.com/contact,,"The National Solidarity Group of Iran (NSGI) is a non-profit, non-partisan organization that advocates for human rights and democracy in Iran.","Organizing all the necessary actions, such as rallies, meetings, forums fundraising or educational events, and media interventions, to support the 'woman-life-freedom' movement.",,,,,,,,,,,,,,,,,"background-image: linear-gradient(120deg, #fdfbfb 0%, #ebedee 100%);"
کانون-سیاسی--فرهنگی-ایرانیان-(-کاسل--آلمان),107,P_ORG,/op/کانون-سیاسی--فرهنگی-ایرانیان-(-کاسل--آلمان),logos/temporary.png,کانون سیاسی- فرهنگی ایرانیان ( کاسل- آلمان),Political-Cultural Center of Iranians (Kassel-Germany),,,,https://www.facebook.com/groups/1765996570355931/,,,,,,,,,,,,,,,,,,,,,"background-image: linear-gradient(120deg, #fdfbfb 0%, #ebedee 100%);"
کمپین-فعالین-بلوچ,81,ORG,/op/کمپین-فعالین-بلوچ,logos/81.png,کمپین فعالین بلوچ,کمپین فعالین بلوچ,,UK,,https://balochcampaign.us,,,,"The Baloch Activists Campaign(BAC) is a Human Rights Organisation, that observers Human Rights violation in Sistan&Balochistan (Iran).",,,,,,,,,,https://twitter.com/balochcampaign,,,,,,,"background-image: linear-gradient(120deg, #fdfbfb 0%, #ebedee 100%);"
اتحاد-ایرانیان-کانادایی,51,ORG,/op/اتحاد-ایرانیان-کانادایی,logos/51.png,اتحاد ایرانیان کانادایی,Alliance of Iranian Canadians,,CA,,https://iranian-canadians.ca/,contact@iranian-canadians.ca,,The Alliance of Iranian Canadians is a group exposing the democratic illegitimacy and human rights violations of the Islamic State of Iran.,"Non-profit for a secular, democratic Iran to mutually benefit Canada, Iran & the global community.",2007,https://dadban.info/category/inlaw/,,,,,,,,,,,,,,,"background-image: linear-gradient(120deg, #fdfbfb 0%, #ebedee 100%);"
زن--زندگی-آزادی,44,ORG,/op/زن--زندگی-آزادی,logos/44.png,زن  زندگی آزادی,Woman Life FreedomGöttingen - DEmany,,DE,,,,,,,,,,,,,,,,,,,,,,,"background-image: linear-gradient(120deg, #fdfbfb 0%, #ebedee 100%);"
SOLIDIRAN,56,ORG,/op/SOLIDIRAN,logos/56.png,,SOLIDIRAN,,FR,,https://www.solidiran.fr/,,,,"SolidIran, a 1901 law association, has the following goals:Make the voices for democracy in Iran heard Support and promote actions in France Show solidarity with Iranians during their stay in France Promote Persian and Iranian culture More information and content coming soon!",,,,,,,,,,,,,,,,,"background-image: linear-gradient(120deg, #fdfbfb 0%, #ebedee 100%);"
برای-مردم‌گردانی,188,پروژه,/op/برای-مردم‌گردانی,logos/temporary.png,برای مردم‌گردانی,Fordem | For Democracy,,,,fordem.org,,,,,,,,,,,,,,,,,,,,,"background-image: linear-gradient(120deg, #fdfbfb 0%, #ebedee 100%);"
بنیاد-مهسا,69,ORG,/op/بنیاد-مهسا,logos/69.png,بنیاد مهسا,Mahsa Foundation,,DEN,,https://www.mahsafoundation.org/,,,,,,,,,,,https://t.me/Mahfound,,,,,,,,,,"background-image: linear-gradient(120deg, #fdfbfb 0%, #ebedee 100%);"
WomanLifeFreedomCollective,167,ORG,/op/WomanLifeFreedomCollective,logos/temporary.png,,WomanLifeFreedomCollective,,"Berlin, DEmany",,,,,,,,,,,,,,,,,,,,,,,"background-image: linear-gradient(120deg, #fdfbfb 0%, #ebedee 100%);"
iranian-psychologist,195,ORG,/op/iranian-psychologist,logos/temporary.png,,iranian psychologist,,US/CA,,https://www.iranianpsychologist.org/,,,online platform where Farsi Speaking Psychologists,,,,,,,,,,,,,,,,,,"background-image: linear-gradient(120deg, #fdfbfb 0%, #ebedee 100%);"
همبستگی-ملی-ایرانیان-اتریش,229,P_ORG,/op/همبستگی-ملی-ایرانیان-اتریش,logos/temporary.png,همبستگی ملی ایرانیان اتریش,,,,,https://www.iraniannationalsolidarity.org/,,,,,,,,,,,,,,,https://www.instagram.com/iranian.national.solidarity/?hl=en,,,,,,"background-image: linear-gradient(120deg, #fdfbfb 0%, #ebedee 100%);"
کمیته-یادمان-تورنتو,113,ORG,/op/کمیته-یادمان-تورنتو,logos/temporary.png,کمیته یادمان تورنتو,,,,,,,,,,,,,,,,,,,,,,,,,,"background-image: linear-gradient(120deg, #fdfbfb 0%, #ebedee 100%);"
سازمان-زنان-کردستان-ایران-(سوئد),134,ORG,/op/سازمان-زنان-کردستان-ایران-(سوئد),logos/temporary.png,سازمان زنان کردستان ایران (سوئد),,,,,,,,,,,,,,,,,,,,,,,,,,"background-image: linear-gradient(120deg, #fdfbfb 0%, #ebedee 100%);"
Iran-Open-Data,259,پروژه,/op/Iran-Open-Data,logos/temporary.png,,Iran Open Data,,,,,,,,,,,,,,,,,,,,,,,,,"background-image: linear-gradient(120deg, #fdfbfb 0%, #ebedee 100%);"
گروه-همبستگی-ایرانیان-نیوزلند,72,ORG,/op/گروه-همبستگی-ایرانیان-نیوزلند,logos/72.png,گروه همبستگی ایرانیان نیوزلند,Iranian Solidarity Group NZL,,NZL,,None,,,,,,,,,,,,,,https://x.com/ISG_NZ,,,,,,,"background-image: linear-gradient(120deg, #fdfbfb 0%, #ebedee 100%);"
شورای-حمایت-از-مبارزات-مردم-ایران،-کلن,103,ORG,/op/شورای-حمایت-از-مبارزات-مردم-ایران،-کلن,logos/temporary.png,شورای حمایت از مبارزات مردم ایران، کلن,"Iranian People's Struggle Support Council, Cologne",,,,,,,,,,,,,,,,,,,,,,,,,"background-image: linear-gradient(120deg, #fdfbfb 0%, #ebedee 100%);"
شهجا-(defunct),145,سازمان سیاسی - بسته شده,/op/شهجا-(defunct),logos/temporary.png,شهجا (defunct),,,,,https://www.shahjaa.com/,,,,,,,,,,,,,,,,,,,,,"background-image: linear-gradient(120deg, #fdfbfb 0%, #ebedee 100%);"
تلویزیون-ایران-فردا,147,ORG,/op/تلویزیون-ایران-فردا,logos/temporary.png,تلویزیون ایران فردا,,,,,http://iranefardalive.com/english/,,,,,,,,,,,,,,,,,,,,,"background-image: linear-gradient(120deg, #fdfbfb 0%, #ebedee 100%);"
بنیاد-عبدالرحمن-برومند,136,ORG,/op/بنیاد-عبدالرحمن-برومند,logos/temporary.png,بنیاد عبدالرحمن برومند,,,,,https://www.iranrights.org/fa/,,,,,,,,,,,,,,,,,,,,,"background-image: linear-gradient(120deg, #fdfbfb 0%, #ebedee 100%);"
متحد-برای-مهسا,25,ORG,/op/متحد-برای-مهسا,logos/25.png,متحد برای مهسا,United For Mahsa,,UK,,https://www.instagram.com/united4mahsa/?hl=en,info@united4mahsa.com,,"While there isn't a single, centralized organization specifically named 'United for Mahsa,' the phrase encapsulates the global movement ignited by the tragic death of Mahsa Amini in Iran on September 16, 2022. This movement calls for justice for Mahsa, an end to the mandatory hijab law, and broader human rights and political reforms in Iran.",A non-partisan social activist group bringing human rights issues in Iran to the fore in sociopolitical discourses.,,,,,,,,,,,,,,,,,"background-image: linear-gradient(120deg, #fdfbfb 0%, #ebedee 100%);"
زن،-زندگی،-آزادی,19,ORG,/op/زن،-زندگی،-آزادی,logos/19.png,زن، زندگی، آزادی,"Woman, Life, Freedom",,,,https://www.womanlifefreedom.today/,,,"Highlighting the 'Woman Life Freedom' movement: The website serves as a central hub for information, news, and resources related to the ongoing protests in Iran, trigDEed by the tragic death of Mahsa Amini in September 2022.Centering Women's voices: It emphasizes the crucial role of women in leading the protests and demanding fundamental rights and freedoms.Showcasing Courage and Resilience: The platform shares stories, videos, and artwork that highlight the courage and resilience of Iranian women and their allies in the face of brutal repression.Mobilizing Global Support: The website aims to raise awareness about the situation in Iran and mobilize international solidarity with the Iranian people's fight for freedom.",equality and women's empowerment,,,,,,,,,,,,,,,,,"background-image: linear-gradient(120deg, #fdfbfb 0%, #ebedee 100%);"
همبستگی-برای-آزادی-و-برابری-در-ایران,221,P_ORG,/op/همبستگی-برای-آزادی-و-برابری-در-ایران,logos/temporary.png,همبستگی برای آزادی و برابری در ایران,,,,,https://hambastegi.de/,info@hambastegi.info,,,,,,,,,,,,,,,,,,,,"background-image: linear-gradient(120deg, #fdfbfb 0%, #ebedee 100%);"
دوستان-فارس,46,ORG,/op/دوستان-فارس,logos/46.png,دوستان فارس,Amici della Persia,,IT,,https://www.facebook.com/groups/48339194929?locale=it_IT,,,Amici della Persia is an Italian-language group that welcomes all lovers of Persian civilization.,,,,,,,,,,,,,,,,,,"background-image: linear-gradient(120deg, #fdfbfb 0%, #ebedee 100%);"
پلاتفورم-اتحاد-دمکراتیک-آذربایجان---بیرلیک,,,/op/پلاتفورم-اتحاد-دمکراتیک-آذربایجان---بیرلیک,,پلاتفورم اتحاد دمکراتیک آذربایجان - بیرلیک,,,,,https://www.birlik.se,,,,,,,,,,,,,,,,,,,,,"background-image: linear-gradient(120deg, #fdfbfb 0%, #ebedee 100%);"
پلاتفورم-اتحاد-دمکراتیک-آذربایجان-–-بیرلیک,206,P_ORG,/op/پلاتفورم-اتحاد-دمکراتیک-آذربایجان-–-بیرلیک,logos/temporary.png,پلاتفورم اتحاد دمکراتیک آذربایجان – بیرلیک,,,,,https://www.birlik.se,info@birlik.se,,,,,,,,,,,,,,,,,,,,"background-image: linear-gradient(120deg, #fdfbfb 0%, #ebedee 100%);"
گروه-ژیانه-وه-ی-کردستان(ژک),119,ORG,/op/گروه-ژیانه-وه-ی-کردستان(ژک),logos/temporary.png,گروه ژیانه وه ی کردستان(ژک),,,,,,,,,,,,,,,,,,,,,,,,,,"background-image: linear-gradient(120deg, #fdfbfb 0%, #ebedee 100%);"
فدراسیون-بین-المللی-پناهندگان-ایرانی،-کانادا,128,ORG,/op/فدراسیون-بین-المللی-پناهندگان-ایرانی،-کانادا,logos/temporary.png,فدراسیون بین المللی پناهندگان ایرانی، کانادا,,,,,,,,,,,,,,,,,,,,,,,,,,"background-image: linear-gradient(120deg, #fdfbfb 0%, #ebedee 100%);"
Small-Media-Foundation,190,ORG,/op/Small-Media-Foundation,logos/temporary.png,,Small Media Foundation,,,,Small Media Foundation,,,,,,,,,,,,,,,,,,,,,"background-image: linear-gradient(120deg, #fdfbfb 0%, #ebedee 100%);"
جوانان-محلات-مشهد,79,ORG,/op/جوانان-محلات-مشهد,logos/79.png,جوانان محلات مشهد,جوانان محلات مشهد,,,,None,,,,The youth of Mashhad neighborhoods will continue their activities until the overthrow of the Islamic Republic regime. 'Jowanan Mahalat Mashhad' has no thought other than the freedom of Iran and does not support any particular political trend,,,,,,,,,,https://x.com/Javanan_mashh,,,,,,,"background-image: linear-gradient(120deg, #fdfbfb 0%, #ebedee 100%);"
سازمان-سراسری-حق-زن--سوئد,135,ORG,/op/سازمان-سراسری-حق-زن--سوئد,logos/temporary.png,سازمان سراسری حق زن- سوئد,,,,,,,,,,,,,,,,,,,,,,,,,,"background-image: linear-gradient(120deg, #fdfbfb 0%, #ebedee 100%);"
جنبش-زنان-بلوچ,12,ORG,/op/جنبش-زنان-بلوچ,logos/12.png,جنبش زنان بلوچ,Balóch Women Movement,,,,Balóch Women movement (@women_baloch) / Twitter,,,"The Baloch Women's Movement is a grassroots movement advocating for the rights and empowerment of Baloch women in Balochistan, a region divided between Pakistan, Iran, and Afghanistan.",,,,,,,,,,,,,,,,,,"background-image: linear-gradient(120deg, #fdfbfb 0%, #ebedee 100%);"
مرکز-حقوق-بشر-در-ایران,21,H_ORG,/op/مرکز-حقوق-بشر-در-ایران,logos/21.png,مرکز حقوق بشر در ایران,The Center for Human Rights in Iran,,US,"P.O. Box 1112New York, NY 10159",https://iranhumanrights.org/     ,,,"The Center for Human Rights in Iran (CHRI) is an independent, non-partisan, and non-profit organization dedicated to promoting and protecting human rights in Iran.","published hundreds of articles on human rights issues and press releases on urgent developments, all in both English and Persian, directly distributed to over 4,000 government, UN, NGO and media leaders worldwide.","Hadi Ghaemi, an Iranian-American physicist and human rights advocate, founded CHRI in 2008 along with other activists.",,,,,,,,,,https://www.instagram.com/centerforhumanrights/,,,,,,"background-image: linear-gradient(120deg, #fdfbfb 0%, #ebedee 100%);"
کانون-سیمرغ-کبک,93,ORG,/op/کانون-سیمرغ-کبک,logos/93.png,کانون سیمرغ کبک,The Quebec Simorgh Center,,CA,,https://www.facebook.com/Simorghquebec/,Simorghquebec@gmail.com,,"The Quebec Simorgh Center, as a cultural and social institution, plays an important role in preserving and promoting the culture and identity of Iranians living in Quebec. By holding various cultural, artistic, social and educational events, this center tries to strengthen the solidarity among the resident Iranians and also to create a bridge between the Iranian culture and the Quebec society.",,,,,,,,,,,,,,,,,,"background-image: linear-gradient(120deg, #fdfbfb 0%, #ebedee 100%);"
Feminista-Berlin,160,ORG,/op/Feminista-Berlin,logos/temporary.png,,Feminista Berlin,,,,,,,,,,,,,,,,,,,,,,,,,"background-image: linear-gradient(120deg, #fdfbfb 0%, #ebedee 100%);"
زن-زندگی-آزادی-ماربورگ,55,ORG,/op/زن-زندگی-آزادی-ماربورگ,logos/55.png,زن زندگی آزادی ماربورگ,"Frau, Leben, Freiheit - Marburg",,DE,,,,,"Organize protests or demonstrations: Groups focused on women's rights and freedom often raise awareness through public events.Host educational workshops or seminars: These events might cover topics like women's health, self-defense, legal rights, or financial literacy.Offer support groups or counseling: This could be a safe space for women to share their experiences and receive emotional support.Engage in advocacy work: This might involve lobbying local politicians, writing letters to newspapers, or raising awareness through social media.",,,,,,,,,,,,,,,,,,"background-image: linear-gradient(120deg, #fdfbfb 0%, #ebedee 100%);"
جنبش-زنان-پنجره-امید-از-افغانستان,149,ORG,/op/جنبش-زنان-پنجره-امید-از-افغانستان,logos/temporary.png,جنبش زنان پنجره امید از افغانستان,,,,,,,,,,,,,,,,,,,,,,,,,,"background-image: linear-gradient(120deg, #fdfbfb 0%, #ebedee 100%);"
مجامع-اسلامی-ایرانیان!,244,P_ORG,/op/مجامع-اسلامی-ایرانیان!,logos/temporary.png,مجامع اسلامی ایرانیان!,,,,,https://archive.is/LqKXO,,,,,,https://archive.is/obtEc,https://archive.is/ZTxjT,,,,,,,,,,,,,,"background-image: linear-gradient(120deg, #fdfbfb 0%, #ebedee 100%);"
تپندگان,175,ORG,/op/تپندگان,logos/temporary.png,تپندگان,,,,,,,,,,,,,,,,,,,,,,,,,,"background-image: linear-gradient(120deg, #fdfbfb 0%, #ebedee 100%);"
Impact-Iran,20,ORG,/op/Impact-Iran,logos/20.png,,Impact Iran,,,,https://impactiran.org,info@impactiran.org,,Impact Iran (https://impactiran.org/) is a coalition of 19 non-governmental organizations committed to advocating for human rights and driving positive change in Iran.,"Impact Iran represents a coalition of 17 non-governmental organizations that draw attention to the situation of human rights in Iran, and encourage the Iranian government to address concerns expressed by the international community and international human rights bodies.",Formation (2014): Impact Iran was formed in 2014 as a coalition of 19 Iranian human rights NGOs. This collective approach was driven by the need to amplify the voices of Iranian civil society on the global stage and advocate more effectively for human rights and accountability within Iran.,,,,,,,,,,https://www.instagram.com/impactiran/,,,,,,"background-image: linear-gradient(120deg, #fdfbfb 0%, #ebedee 100%);"
سازمان-جوانان-کردستان-ایران,255,P_ORG,/op/سازمان-جوانان-کردستان-ایران,logos/temporary.png,سازمان جوانان کردستان ایران,,,,,,,,,,,,,,,,,,,,,,,,,,"background-image: linear-gradient(120deg, #fdfbfb 0%, #ebedee 100%);"
ما-عصیانگریم,170,ORG,/op/ما-عصیانگریم,logos/temporary.png,ما عصیانگریم,,,,,,,,,,,,,,,,,,,,,,,,,,"background-image: linear-gradient(120deg, #fdfbfb 0%, #ebedee 100%);"
بلک-ریوارد,176,ORG,/op/بلک-ریوارد,logos/temporary.png,بلک ریوارد,,,,,,,,,,,,,,,,,,,,,,,,,,"background-image: linear-gradient(120deg, #fdfbfb 0%, #ebedee 100%);"
OS-Plan-Coalition,171,ORG,/op/OS-Plan-Coalition,logos/temporary.png,,OS Plan Coalition,,,,https://github.com/oalee/os-plan-coalition,,,,,,,,,,,,,,,,,,,,,"background-image: linear-gradient(120deg, #fdfbfb 0%, #ebedee 100%);"
شورای-ایرانیان-نروژ,68,ORG,/op/شورای-ایرانیان-نروژ,logos/68.png,شورای ایرانیان نروژ,Norsk Iransk Råd,,NOR,,https://norskiransk.no/,Raad@NorskIransk.no,,,Children are being subjected to torture in Iranian prisons. Several people have been sentenced to death. We need your support to prevent this brutal development.,,,,,,,,,,,,,,,,,"background-image: linear-gradient(120deg, #fdfbfb 0%, #ebedee 100%);"
گروه-میان,189,ORG,/op/گروه-میان,logos/temporary.png,گروه میان,Miaan,,,,Miaan Group,,,,,,,,,,,,,,,,,,,,,"background-image: linear-gradient(120deg, #fdfbfb 0%, #ebedee 100%);"
جامعه-ی-ایرانیان-در-آلمان,31,ORG,/op/جامعه-ی-ایرانیان-در-آلمان,logos/31.png,جامعه ی ایرانیان در آلمان,The Iranian Community in DE(Iranische Gemeinde in Deutschland e.V.),,"Berlin, Germany",Trautenaustraße 510717 BerlinDEmany,http://iranischegemeinde.org/,info@iranischegemeinde.de,00493023589589,This organization is dedicated to representing and supporting the interests of Iranians living in DEmany.,,"Founding (2010): The website mentions that the Iranian Community in DE(IGD) was founded on November 27, 2010, in the Schöneberg Town Hall as an independent, non-partisan, and secular association.",,,,,,,,,,,,,,,,"background-image: linear-gradient(120deg, #fdfbfb 0%, #ebedee 100%);"
مترقیان-برای-دموکراسی-ایرانی,13,ORG,/op/مترقیان-برای-دموکراسی-ایرانی,logos/13.png,مترقیان برای دموکراسی ایرانی,Progressives For Iranian Democracy,,"Austin, Texas, USA.",,,https://pfidusa.org/contact-us,,,,,,,,,,,,,,,,,,,,"background-image: linear-gradient(120deg, #fdfbfb 0%, #ebedee 100%);"
زنان.زندگی.آزادی.مونیخ,32,ORG,/op/زنان.زندگی.آزادی.مونیخ,logos/32.png,زنان.زندگی.آزادی.مونیخ,"Woman Life Freedom, Munich",,DE,,https://sites.google.com/view/munichfreedom/home?authuser=0,,,"CommunityPromoting measures to create, maintain and strengthen a secular democratic republic in Iran.",Information about the independent freedom rallies for Iran in Munich.,The Women's Life Freedom Munich group was formed in support of the recent Iranian protests in Munich.,,,,,,,,,,https://www.instagram.com/women.life.freedom.munich/,,,,,,"background-image: linear-gradient(120deg, #fdfbfb 0%, #ebedee 100%);"
IranUnchained,187,ORG,/op/IranUnchained,logos/temporary.png,,IranUnchained,,,,Iran Unchained,,,,,,,,,,,,,,,,,,,,,"background-image: linear-gradient(120deg, #fdfbfb 0%, #ebedee 100%);"
Feminista-Thuringia,163,ORG,/op/Feminista-Thuringia,logos/temporary.png,,Feminista Thuringia,,,,,,,,,,,,,,,,,,,,,,,,,"background-image: linear-gradient(120deg, #fdfbfb 0%, #ebedee 100%);"
آوای-ملت-ایران,218,P_ORG,/op/آوای-ملت-ایران,logos/temporary.png,آوای ملت ایران,,,,,http://www.melatiran.org/,info@melatiran.org,,,,,https://wechange.de/group/iran-liberation-movement/file/4_5834474653686434151pdf/download/4_5834474653686434151.pdf,,,,,,,,,,,,,,,"background-image: linear-gradient(120deg, #fdfbfb 0%, #ebedee 100%);"
کمیته-ملی,26,ORG,/op/کمیته-ملی,logos/26.png,کمیته ملی,COMITÉ NATIONAL,,AUS ???* FR??,,https://comitenational.com/,contact@comitenational.com,,,supporting the revolutionary movement,"September 27, 2022 by SIMOURQ asbl",,,,,,,,,,,,,,,,"background-image: linear-gradient(120deg, #fdfbfb 0%, #ebedee 100%);"
گروه-همبستگی-با-ایرانیان-بریتیش-کلمبیا,94,ORG,/op/گروه-همبستگی-با-ایرانیان-بریتیش-کلمبیا,logos/temporary.png,گروه همبستگی با ایرانیان بریتیش کلمبیا,Solidarity group with Iranians of British Columbia,,CA,,,solidarityiranvan@gmail.com,,"Solidarity group with Iranians of British Columbia: a bridge between Iran and CanadaBritish Columbia Iranian Solidarity Group, like many similar groups around the world, was formed with the aim of creating a stronger bond between Iranians living in British Columbia and preserving Iranian cultural identity. By holding various cultural, social and political events, these groups try to unite the resident Iranian community and also create a bridge between Iranian culture and Canadian society.",,,,,,,,,,,,,,,,,,"background-image: linear-gradient(120deg, #fdfbfb 0%, #ebedee 100%);"
اتحادیه-ایرانیان-اسپانیا,47,ORG,/op/اتحادیه-ایرانیان-اسپانیا,logos/47.png,اتحادیه ایرانیان اسپانیا,UNION OF IRANIAN SPAIN,,ES,,,,,,,,,,,,,,,,,,,,,,,"background-image: linear-gradient(120deg, #fdfbfb 0%, #ebedee 100%);"
کانادا-برای-دموکراسی-در-ایران,130,ORG,/op/کانادا-برای-دموکراسی-در-ایران,logos/temporary.png,کانادا برای دموکراسی در ایران,,,,,,,,,,,,,,,,,,,,,,,,,,"background-image: linear-gradient(120deg, #fdfbfb 0%, #ebedee 100%);"
imhct,193,ORG,/op/imhct,logos/temporary.png,,imhct,,Canada,,https://imhct.ca/,,,"psychiatrists, psychologists",,,,,,,,,,,,,,,,,,"background-image: linear-gradient(120deg, #fdfbfb 0%, #ebedee 100%);"
Ghostsec-انون-یو-کی,180,گوناگون,/op/Ghostsec-انون-یو-کی,logos/temporary.png,Ghostsec انون یو کی,,,,,,,,,,,,,,,,,,,,,,,,,,"background-image: linear-gradient(120deg, #fdfbfb 0%, #ebedee 100%);"
Feminists4Jina,152,ORG,/op/Feminists4Jina,logos/temporary.png,,Feminists4Jina,,"Europe, Canada, Us, AUS, Lebonan, UK",,https://feminists4jina.net/,iranfeminists4jina@gmail.com,,,International feminist activities with focus on Iran and WLF movement,,,,,,,,,,,,,,,,,"background-image: linear-gradient(120deg, #fdfbfb 0%, #ebedee 100%);"
مشروطه-دات-کام,,,/op/مشروطه-دات-کام,,مشروطه دات کام,,,,,https://www.mashrooteh.com/,,,,,,,,,,,,,,,,,,,,,"background-image: linear-gradient(120deg, #fdfbfb 0%, #ebedee 100%);"
"WOMAN,-LIFE,-FREEDOM---ESSEN",57,ORG,"/op/WOMAN,-LIFE,-FREEDOM---ESSEN",logos/57.png,,"WOMAN, LIFE, FREEDOM-  ESSEN",,DE,,https://womanlifefreedom-essen.de/,info@wlf-essen.de,,,"dedicated to the families and loved ones of the innocent victims in Iran. In times like these, it's crucial to show solidarity and support those affected by tragic events.",,,,,,,,,,,,,,,,,"background-image: linear-gradient(120deg, #fdfbfb 0%, #ebedee 100%);"
فدراسیون-سراسری-پناهندگان-ایرانی-(استکهلم),129,ORG,/op/فدراسیون-سراسری-پناهندگان-ایرانی-(استکهلم),logos/temporary.png,فدراسیون سراسری پناهندگان ایرانی (استکهلم),,,,,,,,,,,,,,,,,,,,,,,,,,"background-image: linear-gradient(120deg, #fdfbfb 0%, #ebedee 100%);"
انجمن-زنان-ایرانی-مونترال,148,ORG,/op/انجمن-زنان-ایرانی-مونترال,logos/temporary.png,انجمن زنان ایرانی مونترال,,,,,,,,,,,,,,,,,,,,,,,,,,"background-image: linear-gradient(120deg, #fdfbfb 0%, #ebedee 100%);"
خانه-آزادی-ترکمن,97,ORG,/op/خانه-آزادی-ترکمن,logos/temporary.png,خانه آزادی ترکمن,Turkmen Freedom House,,,,https://turkmenfreedomhouse.com/turkmen-freedom-house/,turkmenfreedomhouse@gmail.com,,Comprehensive organization of Turkmen human rights defenders with the aim of intellectual development and foundation of sustainable democracy in Turkmen society,,,,,,,,,,,,https://www.instagram.com/turkmenfreedomhouse/,,,,,,"background-image: linear-gradient(120deg, #fdfbfb 0%, #ebedee 100%);"
انجمن-فرهنگی-ایران-ساسکاتون,63,ORG,/op/انجمن-فرهنگی-ایران-ساسکاتون,logos/63.png,انجمن فرهنگی ایران ساسکاتون,Saskatoon Iranian Cultural Association,,CA,,https://sicask.ca/en/home/,,,,"SICA provides services to resident and newcomer Iranians, ranging from pre-arrival readiness to accommodation, educational workshops, regular gatherings, and cultural events. Our goal is to facilitate the integration of newcomers, serve the Iranian community, and promote the Iranian culture and heritage in Canada.",,,,,,,,,,,,,,,,,"background-image: linear-gradient(120deg, #fdfbfb 0%, #ebedee 100%);"
ایران-آکادمی,77,ORG,/op/ایران-آکادمی,logos/77.png,ایران آکادمی,IranAcademia,,NLs,,https://iranacademia.com,contact@iranacademia.education,,,The Institute for Social Sciences and Humanities,,,,,,,,,,https://twitter.com/IranAcademia,,,,,,,"background-image: linear-gradient(120deg, #fdfbfb 0%, #ebedee 100%);"
ما-دانشجوی-ایرانی-هستیم,2,ORG,/op/ما-دانشجوی-ایرانی-هستیم,logos/2.png,ما دانشجوی ایرانی هستیم,We Are Iranian Students,,Europe,,https://weareiranianstudents.com/,,,,various,,,,,,,,,,,,,,,,,"background-image: linear-gradient(120deg, #fdfbfb 0%, #ebedee 100%);"
zan-zendegi-azadi-collective-BELGIUM,158,ORG,/op/zan-zendegi-azadi-collective-BELGIUM,logos/temporary.png,,zan zendegi azadi collective BELGIUM,,,,https://www.instagram.com/womanlifefreedom.be/,,,,,,,,,,,,,,,,,,,,,"background-image: linear-gradient(120deg, #fdfbfb 0%, #ebedee 100%);"
سازمان-زنان-کردستان-ایران,133,ORG,/op/سازمان-زنان-کردستان-ایران,logos/temporary.png,سازمان زنان کردستان ایران,,,,,,,,,,,,,,,,,,,,,,,,,,"background-image: linear-gradient(120deg, #fdfbfb 0%, #ebedee 100%);"
yarannorthwest,194,ORG,/op/yarannorthwest,logos/temporary.png,,yarannorthwest,,UK,,https://www.yarannorthwest.com/,,,Mental Health Services,,,,,,,,,,,,,,,,,,"background-image: linear-gradient(120deg, #fdfbfb 0%, #ebedee 100%);"
انجمن-ایرانیان-کوئینزلند,54,ORG,/op/انجمن-ایرانیان-کوئینزلند,logos/54.png,انجمن ایرانیان کوئینزلند,Iranian Society of Queensland,,AUS,,https://www.isqld.org.au/,info@isqld.org.au,,"The Iranian Society of Queensland (ISQLD) is a non-profit organization established in 1989. Its mission is to enhance the lives of the Iranian community in Queensland, AUS through various means, including social care, education, healthcare, and economic empowerment","where we inspire hope, peace, freedom and a sense of belonging for all. We promote healthy and vibrant communities in the sunshine state of Queensland.",established in 1989,,,,,,,,,,,,,,,,"background-image: linear-gradient(120deg, #fdfbfb 0%, #ebedee 100%);"
مرکز-فرهنگی-ایران-و-نروژ,52,ORG,/op/مرکز-فرهنگی-ایران-و-نروژ,logos/52.png,مرکز فرهنگی ایران و نروژ,Iranian-Norwegian Cultural Center,,NOR,,,,,,,,,,,,,,,,,,,,,,,"background-image: linear-gradient(120deg, #fdfbfb 0%, #ebedee 100%);"
Bolandgoo,153,ORG,/op/Bolandgoo,logos/temporary.png,,Bolandgoo,,"Berlin, DEmany",,https://www.instagram.com/bolandg00/,,,,,,,,,,,,,,,,,,,,,"background-image: linear-gradient(120deg, #fdfbfb 0%, #ebedee 100%);"
همبستگی-متحد-استرالیا-برای-ایران,8,ORG,/op/همبستگی-متحد-استرالیا-برای-ایران,logos/8.png,همبستگی متحد استرالیا برای ایران,AUSn United Solidarity for Iran,,AUS,,https://www.ausiran.org/,https://www.ausiran.org/contact/,,,,,,,,,,,,,,,,,,,,"background-image: linear-gradient(120deg, #fdfbfb 0%, #ebedee 100%);"
Free-Them-Now,87,ORG,/op/Free-Them-Now,logos/87.png,,Free Them Now,,,,https://free-them-now.com/,https://free-them-now.com/contact-us/,+61 421 110 336,"Committee to Free Jailed Workers in Iran, an organization that advocates for the release of imprisoned Iranian workers and political prisoners. about the organization's work, including news articles, reports, and campaign updates. It also includes a list of all the currently imprisoned workers and political prisoners in Iran.",,2005,,,,,,,,,,,,,,,,"background-image: linear-gradient(120deg, #fdfbfb 0%, #ebedee 100%);"
سازمان-حقوق-زنان-ایران-و-کرد,18,ORG,/op/سازمان-حقوق-زنان-ایران-و-کرد,logos/18.png,سازمان حقوق زنان ایران و کرد,Iranian and Kurdish Women's Rights Organisation,,UK,UK PO Box 75229LONDONE15 9FX,https://ikwro.org.uk/,info@ikwro.org.uk,,The Iranian and Kurdish Women's Rights Organisation (IKWRO) is a leading charity dedicated to protecting and promoting the rights of Middle Eastern and Afghan women and girls living in the UK.,charity which provides advice and support,"IKWRO was founded in 2002 by Diana Nammi, in collaboration with other refugee women from Iran, Iraq, and Kurdistan.",,,,,,,,,,,,,,,,"background-image: linear-gradient(120deg, #fdfbfb 0%, #ebedee 100%);"
Feminista-Leipzig,162,ORG,/op/Feminista-Leipzig,logos/temporary.png,,Feminista Leipzig,,,,,,,,,,,,,,,,,,,,,,,,,"background-image: linear-gradient(120deg, #fdfbfb 0%, #ebedee 100%);"
دانشجویان-پیشرو,80,ORG,/op/دانشجویان-پیشرو,logos/80.png,دانشجویان پیشرو,دانشجویان پیشرو,,,,None,,,,An organization independent of the progressive students' government (Established: 02/27/2018),,,,,,,https://t.me/isf_uni_admin,,,https://x.com/daneshjo_pishro,,,,,,,"background-image: linear-gradient(120deg, #fdfbfb 0%, #ebedee 100%);"
آزادی-ایران,42,P_ORG,/op/آزادی-ایران,logos/42.png,آزادی ایران,Iran Freedom,,,,https://iranfreedom.org/en/,actioncenter@iranfreedom.org,,"We are a volunteer-led, global grassroots network echoing and amplifying the voices of the Iranian people working to support change, freedom, equality and fundamental human rights in Iran. Our 40-year movement represents the struggle of Iranian people living in and outside of Iran to create a just and peaceful future.  We believe in the principles outlined in NCRI’s President-elect Maryam Rajavi’s 10-Point Plan for the Future of Iran and that democracy in Iran is the pathway to security and stability in the Middle East.Through our collective action and steadfast commitment to our cause, we continue to grow in numbers and unite the international community behind all those fighting for freedom, democracy and equality in Iran.","Uniting for Freedom, Democracy & Equality​",,,,,,,,,,https://twitter.com/4FreedominIran/,,,,,,,"background-image: linear-gradient(120deg, #fdfbfb 0%, #ebedee 100%);"
پایگاه-شفافیت-ایران,260,پروژه,/op/پایگاه-شفافیت-ایران,logos/temporary.png,پایگاه شفافیت ایران,,,,,,,,,,,,,,,,,,,,,,,,,,"background-image: linear-gradient(120deg, #fdfbfb 0%, #ebedee 100%);"
IPAA,196,ORG,/op/IPAA,logos/temporary.png,,IPAA,,US,,https://myipaa.org/,,,psychology support,,,,,,,,,,,,,,,,,,"background-image: linear-gradient(120deg, #fdfbfb 0%, #ebedee 100%);"
بختک,185,گوناگون,/op/بختک,logos/temporary.png,بختک,,,,,,,,,,,,,,,,,,,,,,,,,,"background-image: linear-gradient(120deg, #fdfbfb 0%, #ebedee 100%);"
گروه-ایران-پروتست-(مالمو،-لوند،-هلسینگبورگ),115,ORG,/op/گروه-ایران-پروتست-(مالمو،-لوند،-هلسینگبورگ),logos/temporary.png,گروه ایران پروتست (مالمو، لوند، هلسینگبورگ),,,,,https://www.instagram.com/iranprotest_lund/,,,,,,,,,,,,,,,,,,,,,"background-image: linear-gradient(120deg, #fdfbfb 0%, #ebedee 100%);"
WomanLifeFreedom-AUS,169,ORG,/op/WomanLifeFreedom-AUS,logos/temporary.png,,WomanLifeFreedom AUS,,,,,,,,,,,,,,,,,,,,,,,,,"background-image: linear-gradient(120deg, #fdfbfb 0%, #ebedee 100%);"
شورای-برگزاری-آکسیون-ها-در-هلند,102,ORG,/op/شورای-برگزاری-آکسیون-ها-در-هلند,logos/temporary.png,شورای برگزاری آکسیون ها در هلند,,,,,https://council-nl.org/,,,"The 'Women, Life, Freedom' Belgium Network is most likely a group or coalition of individuals and organizations in Belgium who are actively supporting the ongoing movement for women's rights, freedom, and equality in Iran. This movement, sparked by the tragic death of Mahsa Amini in September 2022, has resonated globally, and it appears that activists in Belgium have mobilized to show solidarity and contribute to the cause",,,,,,,,,,,,,,,,,,"background-image: linear-gradient(120deg, #fdfbfb 0%, #ebedee 100%);"
کمپین-'یک-قانون-برای-همه'-علیه-شریعت-و-حاکمیت-مذهبی-در-بریتانیا،-ایران-و-در-سراسر-جهان,108,ORG,/op/کمپین-'یک-قانون-برای-همه'-علیه-شریعت-و-حاکمیت-مذهبی-در-بریتانیا،-ایران-و-در-سراسر-جهان,logos/temporary.png,کمپین 'یک قانون برای همه' علیه شریعت و حاکمیت مذهبی در بریتانیا، ایران و در سراسر جهان,"One Law for All' campaign against Sharia and religious rule in Britain, Iran and around the world",,,,,,,"The 'One Law for All' campaign is a global movement that fights against the application of discriminatory religious laws, especially Sharia, and religious sovereignty. The campaign is based on the principle that all people, regardless of gender, religion or background, should have equal rights before the law.",,,,,,,,,,,,,,,,,,"background-image: linear-gradient(120deg, #fdfbfb 0%, #ebedee 100%);"
زن،-زندگی،-آزادی!-همبستگی-با-ایران-در-کارلسروهه,49,ORG,/op/زن،-زندگی،-آزادی!-همبستگی-با-ایران-در-کارلسروهه,logos/49.png,زن، زندگی، آزادی! همبستگی با ایران در کارلسروهه,"FRAU, LEBEN, FREIHEIT! Solidarität mit Iran in Karlsruhe",,DE,,https://www.facebook.com/events/1236284176923618,,,"FRAU, LEBEN, FREIHEIT! Solidarität mit Iran in Karlsruhe' translates to 'WOMAN, LIFE, FREEDOM! Solidarity with Iran in Karlsruhe.' This phrase represents a powerful slogan and rallying cry associated with the ongoing protests and movement for women's rights and freedom in Iran. In Karlsruhe, it means events, demonstrations, or initiatives organized to show solidarity with the Iranian people fighting against oppression and demanding a more democratic and just society.",,,,,,,,,,,,,,,,,,"background-image: linear-gradient(120deg, #fdfbfb 0%, #ebedee 100%);"
FrauLebenFreiheit.Darmstadt,90,ORG,/op/FrauLebenFreiheit.Darmstadt,logos/90.png,,FrauLebenFreiheit.Darmstadt,,DE,,https://frau-leben-freiheit.com/darmstat/,info@frau-leben-freiheit.com,,,,,,,,,,,,,,,,,,,,"background-image: linear-gradient(120deg, #fdfbfb 0%, #ebedee 100%);"
عدالت-علی,174,ORG,/op/عدالت-علی,logos/temporary.png,عدالت علی,,,,,https://t.me/EdaalateAli1400,,,,,,,,,,,,,,,,,,,,,"background-image: linear-gradient(120deg, #fdfbfb 0%, #ebedee 100%);"
گروه-فعالان-علیه-مجازات-اعدام-(-واشنگتن-دی-سی-آمریکا),120,H_ORG,/op/گروه-فعالان-علیه-مجازات-اعدام-(-واشنگتن-دی-سی-آمریکا),logos/temporary.png,گروه فعالان علیه مجازات اعدام ( واشنگتن دی سی آمریکا),,,,,,,,,,,,,,,,,,,,,,,,,,"background-image: linear-gradient(120deg, #fdfbfb 0%, #ebedee 100%);"
زن-آزادی-زندگی,71,ORG,/op/زن-آزادی-زندگی,logos/71.png,زن آزادی زندگی,Woman Life Freedom,,AUS,,https://woman-life-freedom.at/,,,,"THE NON-PROFIT ORGANIZATION “WOMAN LIFE FREEDOM” WAS FOUNDED ON JANUARY 25TH, 2023 IN GRAZ AND AIMS TO",,,,,,,,,,,https://www.instagram.com/woman.life.freedom_AUS/,,,,,,"background-image: linear-gradient(120deg, #fdfbfb 0%, #ebedee 100%);"
حامیان-مادران-پارک-لاله,151,ORG,/op/حامیان-مادران-پارک-لاله,logos/temporary.png,حامیان مادران پارک لاله,,,,,,,,,,,,,,,,,,,,,,,,,,"background-image: linear-gradient(120deg, #fdfbfb 0%, #ebedee 100%);"
مگس-در-بطری,11,ORG,/op/مگس-در-بطری,logos/11.png,مگس در بطری,The Fly Bottle,,,,https://www.theflybottle.org/,https://www.theflybottle.org/about-us/contact-us,,"The Fly-Bottle (theflybottle.org) is a non-profit organization that aims to foster intellectual and cultural exchange among Iranian scholars in the humanities, arts, and social sciences.",,,,,,,,,,,,,,,,,,"background-image: linear-gradient(120deg, #fdfbfb 0%, #ebedee 100%);"
اقدام-برای-حقوق-بشر-e.V.,58,H_ORG,/op/اقدام-برای-حقوق-بشر-e.V.,logos/58.png,اقدام برای حقوق بشر e.V.,Aktion für Menschenrechte e.V.,,DE,"Ritterstraße 21, 24939 Flensburg",https://www.xn--aktion-fr-menschenrechte-2sc.online/,info@action-for-humanity.org,0049-15734347295,Action for Human Rights e.V. is a non-profit organization founded by DEman-Iranians from Flensburg.,"Aktion für Menschenrechte e.V. is a non-profit organization founded by DEman-Iranians from Flensburg.The organization is politically neutral, non-denominational, and free from ideologies. The founding members of Aktion für Menschenrechte e.V. are advocates of freedom and human rights.",,,,,,,,,,,,,,,,,"background-image: linear-gradient(120deg, #fdfbfb 0%, #ebedee 100%);"
Zan-zendegi-azadi-Köln,166,ORG,/op/Zan-zendegi-azadi-Köln,logos/temporary.png,,Zan zendegi azadi Köln,,,,,,,,,,,,,,,,,,,,,,,,,"background-image: linear-gradient(120deg, #fdfbfb 0%, #ebedee 100%);"
سازمان-حقوق-بشری-هانا,131,H_ORG,/op/سازمان-حقوق-بشری-هانا,logos/temporary.png,سازمان حقوق بشری هانا,,,,,,,,,,,,,,,,,,,,,,,,,,"background-image: linear-gradient(120deg, #fdfbfb 0%, #ebedee 100%);"
Collectif-Femme-Vie-Liberté-Montréal,48,ORG,/op/Collectif-Femme-Vie-Liberté-Montréal,logos/48.png,,Collectif Femme Vie Liberté Montréal,,CA,,https://www.facebook.com/profile.php?id=100089700378254,FVLmtl22@gmail.com,,Solidarity group with the struggle of the Iranian people in Montreal.,,,,,,,,,,,,,,,,,,"background-image: linear-gradient(120deg, #fdfbfb 0%, #ebedee 100%);"
لب-دوختگان,173,ORG,/op/لب-دوختگان,logos/temporary.png,لب دوختگان,,,,,None,,,,,,,,,,,,,,x.com/LabDookhtegan2,,,,,,,"background-image: linear-gradient(120deg, #fdfbfb 0%, #ebedee 100%);"
نجات-ایران-(استرالیا),83,ORG,/op/نجات-ایران-(استرالیا),logos/83.png,نجات ایران (استرالیا),Save Iran (AUS),,,,https://alumni.uwa.edu.au/profiles/mehdi-ghateihttps://www.facebook.com/groups/665340737188850/,,,,,,,,,,,,,,,,,,,,,"background-image: linear-gradient(120deg, #fdfbfb 0%, #ebedee 100%);"
زن-زندگی-آزادی-بن,37,ORG,/op/زن-زندگی-آزادی-بن,logos/37.png,زن زندگی آزادی بن,"FRAUEN, LEBEN, FREIHEIT - BONN",,DE,"Kölnstraße 69, 53111 Bonn, DEmany.",https://www.instagram.com/frauenlebenfreiheit_bonn/,,,,From Bonn and the surrounding area for freedom in Iran!,,,,,,,,,,,,,,,,,"background-image: linear-gradient(120deg, #fdfbfb 0%, #ebedee 100%);"
پژوهشگران-ایرانی-برای-آزادی,5,ORG,/op/پژوهشگران-ایرانی-برای-آزادی,logos/5.png,پژوهشگران ایرانی برای آزادی,Iranian Scholars for Liberty,,"Europe, New Zeland, AUS, North America",,https://www.iranianscholarsforliberty.com/home,IranianScholarsforLiberty@gmail.com,,,Various academics,,,,,,,,,,,,,,,,,"background-image: linear-gradient(120deg, #fdfbfb 0%, #ebedee 100%);"
جمعیت-سوسیال-دمکراسی-برای-ایران,239,P_ORG,/op/جمعیت-سوسیال-دمکراسی-برای-ایران,,جمعیت سوسیال دمکراسی برای ایران,,,,,https://azadivaedalat.com/,info@azadivaedalat.org,,,,,,,,social democrats,,,,,,,,,,,,"background-image: linear-gradient(120deg, #fdfbfb 0%, #ebedee 100%);"
جوانان-در-تبعید,156,ORG,/op/جوانان-در-تبعید,logos/temporary.png,جوانان در تبعید,,,,,,,,,,,,,,,,,,,,,,,,,,"background-image: linear-gradient(120deg, #fdfbfb 0%, #ebedee 100%);"
ایران-متحد-آزادی-خواه,,,/op/ایران-متحد-آزادی-خواه,,ایران متحد آزادی خواه,,,,,,,,,,,,,,,,,,,,,,,,,,"background-image: linear-gradient(120deg, #fdfbfb 0%, #ebedee 100%);"
Feminista-Bonn,164,ORG,/op/Feminista-Bonn,logos/temporary.png,,Feminista Bonn,,,,,,,,,,,,,,,,,,,,,,,,,"background-image: linear-gradient(120deg, #fdfbfb 0%, #ebedee 100%);"
سازمان-هانای-روژهه-لات,127,H_ORG,/op/سازمان-هانای-روژهه-لات,logos/temporary.png,سازمان هانای روژهه لات,,,,,,,,,,,,,,,,,,,,,,,,,,"background-image: linear-gradient(120deg, #fdfbfb 0%, #ebedee 100%);"
جنبش-فصل-همبستگی,219,P_ORG,/op/جنبش-فصل-همبستگی,,جنبش فصل همبستگی,,,,,https://twitter.com/faslehambastegi?lang=en,,,,,,,,,,,,,,,,,,,,,"background-image: linear-gradient(120deg, #fdfbfb 0%, #ebedee 100%);"
سازمان-زنان-ایران,17,ORG,/op/سازمان-زنان-ایران,logos/17.png,سازمان زنان ایران,The Women's Organization of Iran,,FR,,https://www.iranianwomenorganization.com/support-us,info@iranianwomenorganization.com,,"The Women's Organization of Iran (WOI), a non-profit organization dedicated to empowering Iranian women and promoting their active participation in all aspects of life.","Encouragement, awareness, and support",,,,,,,,,,,,,,,,,"background-image: linear-gradient(120deg, #fdfbfb 0%, #ebedee 100%);"
mahsaserver,192,ORG,/op/mahsaserver,logos/temporary.png,,mahsaserver,,,,https://www.mahsaserver.com/,,,"MahsaServer provides reliable VPN configurations to users in countries with censored internet. This helps users have free expression, knowledge sharing, and connectivity. MahsaServer collects VPN configurations from various sources, including user contributions. They use the MahsaNG app to dynamically maintain, test, and collect these configurations. MahsaServer prioritizes user privacy through encryption and strict security practices.",,,,,,,,https://t.me/mahsa_net,,,https://x.com/mahsanet,,,,,,,"background-image: linear-gradient(120deg, #fdfbfb 0%, #ebedee 100%);"
گروه-همبستگی-برای-ایران-آزاد--(شلسویگ-هولشتاین),61,ORG,/op/گروه-همبستگی-برای-ایران-آزاد--(شلسویگ-هولشتاین),logos/61.png,گروه همبستگی برای ایران آزاد  (شلسویگ-هولشتاین),Solidaritätsgruppe für einen freien Iran S-H,,DE,,https://www.instagram.com/zhina_ye_iran/,,,The 'Solidarity Group for a Free Iran S-H' (Schleswig-Holstein) is an organization dedicated to advocating for human rights and freedom in Iran. They actively support the Iranian people's struggle for democracy and against the oppressive regime.,,,,,,,,,,,,,,,,,,"background-image: linear-gradient(120deg, #fdfbfb 0%, #ebedee 100%);"
شبکه-زن،-زندگی،-آزادی-بلژیک,101,ORG,/op/شبکه-زن،-زندگی،-آزادی-بلژیک,logos/temporary.png,شبکه زن، زندگی، آزادی بلژیک,"Women, Life, Freedom Belgium Network",,,,https://www.instagram.com/wlf.belgium/,,,,,,,,,,,,,,,,,,,,,"background-image: linear-gradient(120deg, #fdfbfb 0%, #ebedee 100%);"
کانون-حقوق-بشر-در-ایران,137,H_ORG,/op/کانون-حقوق-بشر-در-ایران,logos/temporary.png,کانون حقوق بشر در ایران,,,,,,,,,,,,,,,,,,,,,,,,,,"background-image: linear-gradient(120deg, #fdfbfb 0%, #ebedee 100%);"
زن-زندگی-آزادی-ملبورن,64,ORG,/op/زن-زندگی-آزادی-ملبورن,logos/64.png,زن زندگی آزادی ملبورن,"Woman, Life, Freedom - Melbourn",,AUS,,https://www.instagram.com/wlf.mel/,,,,We are an independent group of volunteer activists whose goal is to support the freedom,,,,,,,,,,,,,,,,,"background-image: linear-gradient(120deg, #fdfbfb 0%, #ebedee 100%);"
WLF-Melbourne,84,ORG,/op/WLF-Melbourne,logos/84.png,,WLF Melbourne,,,,,,,,,,,,,,,,,,,,,,,,,"background-image: linear-gradient(120deg, #fdfbfb 0%, #ebedee 100%);"
نهاد-مردمی-the-new-Iran,216,P_ORG,/op/نهاد-مردمی-the-new-Iran,logos/temporary.png,نهاد مردمی the new Iran,,,,,https://www.thenewiran.com/,,,https://www.thenewiran.com/tni2020/staticpage/detail?StaticPageName=Aboutus,,,,,,,,,,,,,,,,,,"background-image: linear-gradient(120deg, #fdfbfb 0%, #ebedee 100%);"
اصل۱۹,191,ORG,/op/اصل۱۹,logos/temporary.png,اصل۱۹,ASL19,,,,,,,"ASL19 is an organization that works to advance human rights and civil liberties in Iran. They do this by building innovative solutions to counter censorship, misinformation, and other challenges.",,,,,,,,,,,,,,,,,,"background-image: linear-gradient(120deg, #fdfbfb 0%, #ebedee 100%);"
Iranian-Justice-Collective,88,ORG,/op/Iranian-Justice-Collective,logos/88.png,,Iranian Justice Collective,,Canada,,https://www.ijcollective.com/,,,"about an Iranian diaspora group called the Iranian Justice Collective. The Iranian Justice Collective’s mission is to support Iranians working to establish a secular, democratic government. The group works to raise awareness and support for the Iranian revolution among democratic governments.",,,,,,,,,,,,,,,,,,"background-image: linear-gradient(120deg, #fdfbfb 0%, #ebedee 100%);"
شورای-مسلمانان-سابق-بریتانیا,91,ORG,/op/شورای-مسلمانان-سابق-بریتانیا,logos/91.png,شورای مسلمانان سابق بریتانیا,Council of Ex-Muslims of Britain,,UK,"BM Box 1919London, WC1N 3XXUnited Kingdom",https://ex-muslim.org.uk/,exmuslimcouncil@gmail.com,,"Council of Ex-Muslims of Britain (CEMB) was formed in 2007 to break the taboo that comes with leaving Islam, highlight the plight of ex-Muslims and challenge Sharia laws.CEMB fights for the right to leave and criticise Islam without fear and intimidation. This is particularly important given that blasphemy, apostasy and atheism are punishable by death in a dozen countries under Islamic laws.CEMB stands against all forms of bigotry, xenophobia, racism and extremism and unequivocally defends reason, freedom of conscience and expression, equality, universal rights and secularism.",,,,,,,,,,,,,,,,,,"background-image: linear-gradient(120deg, #fdfbfb 0%, #ebedee 100%);"
همبستگی-با-ایران-سیدنی,35,ORG,/op/همبستگی-با-ایران-سیدنی,logos/35.png,همبستگی با ایران - سیدنی,Solidarity with Iran - Sydney,,AUS,,https://www.instagram.com/solidarity.with.iran/?hl=en,contact@iran2022.net,,"grassroots movement or group in Sydney, AUS, dedicated to supporting the ongoing protests and human rights struggles in Iran.",A group of independent social activists fighting for justice and human rights in Iran,,,,,,,,,,,,,,,,,"background-image: linear-gradient(120deg, #fdfbfb 0%, #ebedee 100%);"
جوانان-متحد-ایران,78,ORG,/op/جوانان-متحد-ایران,logos/78.png,جوانان متحد ایران,United Youth of Iran,,,,https://www.iran-revolution.com/post/united-youth-of-iran,,,,The UYI is a non-politically oriented organization committed to achieving freedom for Iran by upholding the principles outlined in their manifest,,,,,,,,,,,,,,,,,"background-image: linear-gradient(120deg, #fdfbfb 0%, #ebedee 100%);"
رنسانس-ایرانی,146,ORG,/op/رنسانس-ایرانی,logos/temporary.png,رنسانس ایرانی,,,,,http://www.iranianrenaissance.com/,,,https://wechange.de/group/iran-liberation-movement/file/arman-namehpdf/download/arman-nameh.pdf,,,,,,,,,,,,,,,,,,"background-image: linear-gradient(120deg, #fdfbfb 0%, #ebedee 100%);"
Iranian-Diaspora-Collective,172,ORG,/op/Iranian-Diaspora-Collective,logos/temporary.png,,Iranian Diaspora Collective,,,,,,,,US,,,,,,,,,,,,,,,,,"background-image: linear-gradient(120deg, #fdfbfb 0%, #ebedee 100%);"
کانون-ایرانیان-جمهوری-خواه-جنوب-سوئد,104,P_ORG,/op/کانون-ایرانیان-جمهوری-خواه-جنوب-سوئد,logos/temporary.png,کانون ایرانیان جمهوری خواه جنوب سوئد,Center of Republican Iranians of South Sweden,,,,https://www.youtube.com/channel/UCfqnO9XVkPkgXvtcHvKtvbw             https://www.iranianrepublicans.org/,,,"Center of Republican Iranians of South Sweden (KIJS) is a pro-republican Iranian community in southern Sweden. This society was founded on the values ​​of the women's movement, life, liberty and the Universal Declaration of Human Rights. Its purpose is to create a society based on the values ​​of the democratic secular republic. This community welcomes Republicans and supporters of democratic struggles and civil movements.",,,,,,,,,,,,,,,,,,"background-image: linear-gradient(120deg, #fdfbfb 0%, #ebedee 100%);"
حامیان-انقلاب-زن،-زندگی،-آزادی-(واشنگتن-دی-سی),150,ORG,/op/حامیان-انقلاب-زن،-زندگی،-آزادی-(واشنگتن-دی-سی),logos/temporary.png,حامیان انقلاب زن، زندگی، آزادی (واشنگتن دی سی),,,,,,,,,,,,,,,,,,,,,,,,,,"background-image: linear-gradient(120deg, #fdfbfb 0%, #ebedee 100%);"
کانون-فرهنگی-وسیاسی-ترکمن-صحرا,223,P_ORG,/op/کانون-فرهنگی-وسیاسی-ترکمن-صحرا,logos/temporary.png,کانون فرهنگی وسیاسی ترکمن صحرا,,,,,https://www.ilguji.org/,,,,,,https://archive.is/w2IqY,,,,,,,,,,,,,,,"background-image: linear-gradient(120deg, #fdfbfb 0%, #ebedee 100%);"
سوئدی-مستقل,67,ORG,/op/سوئدی-مستقل,logos/67.png,سوئدی مستقل,,,SWE,,https://www.instagram.com/osi.1401/,,,,We at OSI are working to name a square in Gothenburg after 'Mahsa Jina Amini'.,,,,,,,,,,,,,,,,,"background-image: linear-gradient(120deg, #fdfbfb 0%, #ebedee 100%);"
بنیاد-مردم,9,ORG,/op/بنیاد-مردم,logos/9.png,بنیاد مردم,Mardom Foundation,,AUS,,https://mardomfoundation.org/,,,"The Mardom Foundation is a non-profit organization dedicated to promoting and protecting human rights, with a particular focus on Iran. Their primary goal is to help establish democracy in Iran by strengthening civil society and collective action. Also look: https://docs.google.com/forms/d/e/1FAIpQLSeVENLvX2UQpXNxi8KI4BxdkHwsOTx8cxON8h61LaW41jqykw/viewform",,,,,,,,,,,,https://www.instagram.com/mardom.foundation,,,,,,"background-image: linear-gradient(120deg, #fdfbfb 0%, #ebedee 100%);"
صدای-بچه-های-ایران,76,ORG,/op/صدای-بچه-های-ایران,logos/76.png,صدای بچه های ایران,صدای بچه های ایران,,,,None,,,,,,,,,,,,,,https://x.com/bachehayeiran,https://www.instagram.com/sedayebachehayeiran/,,,,,,"background-image: linear-gradient(120deg, #fdfbfb 0%, #ebedee 100%);"
فعال-صنفی-ایرانی-در-ایتالیا,60,ORG,/op/فعال-صنفی-ایرانی-در-ایتالیا,logos/60.png,فعال صنفی ایرانی در ایتالیا,,,IT,,,,,,,,,,,,,,,,,,,,,,,"background-image: linear-gradient(120deg, #fdfbfb 0%, #ebedee 100%);"
بنیاد-اسماعیل-خویی,144,ORG,/op/بنیاد-اسماعیل-خویی,logos/temporary.png,بنیاد اسماعیل خویی,,,,,,,,,,,,,,,,,,,,,,,,,,"background-image: linear-gradient(120deg, #fdfbfb 0%, #ebedee 100%);"
بنیاد-زنان-ایرانی-آمریکایی,16,ORG,/op/بنیاد-زنان-ایرانی-آمریکایی,logos/16.png,بنیاد زنان ایرانی آمریکایی,Iranian American Women Foundation,,USA,"19200 Von Karman -365Irvine, CA 92612",https://www.iawfoundation.org/,https://www.iawfoundation.org/contact-us/,,"The Iranian American Women Foundation (IAWF) is a non-profit organization dedicated to empowering and inspiring Iranian-American women of all ages and backgrounds. Founded in 2012, IAWF's mission is to foster the professional and personal growth of Iranian-American women and celebrate their achievements.","Support, empower, unite women","The idea for IAWF was conceived by Mariam Khosravani, who recognized the need for an organization to highlight and celebrate the achievements of Iranian-American women.",,,,,,,,,,,,,,,,"background-image: linear-gradient(120deg, #fdfbfb 0%, #ebedee 100%);"
Collective-98,154,ORG,/op/Collective-98,logos/temporary.png,,Collective 98,,"Berlin, DEmany",,https://collective98.blogspot.com/,,,,,,,,,,,,,,,,,,,,,"background-image: linear-gradient(120deg, #fdfbfb 0%, #ebedee 100%);"
گنجشک-درنده,183,گوناگون,/op/گنجشک-درنده,logos/temporary.png,گنجشک درنده,,,,,None,,,,,,,,,,,https://t.me/GonjeshkeDarande,,,https://x.com/gonjeshkdarand,,,,,,,"background-image: linear-gradient(120deg, #fdfbfb 0%, #ebedee 100%);"
جمعی-آزادی-زندگی-زن,70,ORG,/op/جمعی-آزادی-زندگی-زن,logos/70.png,جمعی آزادی زندگی زن,,,,,https://www.instagram.com/womanlifefreedomcollective/?hl=en,,,https://linktr.ee/wlfkollektiv,Political OrganizationAutonomous Feminist Grassroot Supporting Jina's Revolution,,,,,,,,,,,,,,,,,"background-image: linear-gradient(120deg, #fdfbfb 0%, #ebedee 100%);"
Hengaw,92,H_ORG,/op/Hengaw,logos/92.png,,Hengaw,,,,,,,,,,,,,,,,,,,,,,,,,"background-image: linear-gradient(120deg, #fdfbfb 0%, #ebedee 100%);"
Transnational-Community-Federation,7,ORG,/op/Transnational-Community-Federation,logos/7.png,,Transnational Community Federation,,"Transnational, DEmany",,https://transcf.org,,,,"networks & digital democracy, intl. communities",,,,,,,,,,,,,,,,,"background-image: linear-gradient(120deg, #fdfbfb 0%, #ebedee 100%);"
گروه-مادران-انقلاب,122,ORG,/op/گروه-مادران-انقلاب,logos/temporary.png,گروه مادران انقلاب,,,,,,,,,,,,,,,,,,,,,,,,,,"background-image: linear-gradient(120deg, #fdfbfb 0%, #ebedee 100%);"
فعالان-کرد-در-مالمو,86,ORG,/op/فعالان-کرد-در-مالمو,logos/86.png,فعالان کرد در مالمو,Kurdaktivister I Malmo,,,,,,,,,,,,,,,,,,,https://www.instagram.com/kurdaktivister/,,,,,,"background-image: linear-gradient(120deg, #fdfbfb 0%, #ebedee 100%);"
گروه-ایران-تحول-خواه-متحد,116,P_ORG,/op/گروه-ایران-تحول-خواه-متحد,logos/temporary.png,گروه ایران تحول خواه متحد,,,,,,,,,,,,,,,,,,,,,,,,,,"background-image: linear-gradient(120deg, #fdfbfb 0%, #ebedee 100%);"
انجمن-جهانی-ایران,82,ORG,/op/انجمن-جهانی-ایران,logos/82.png,انجمن جهانی ایران,Global Iranian Association,,,,https://www.globaliranianassociation.com/,info@globaliranianassociation.com,,,,,,,,,,,,,,,,,,,,"background-image: linear-gradient(120deg, #fdfbfb 0%, #ebedee 100%);"
نهاد-کودکان-مقدمند-(-کمپین-بین-المللی-در-دفاع-از-حقوق-کودکان),125,ORG,/op/نهاد-کودکان-مقدمند-(-کمپین-بین-المللی-در-دفاع-از-حقوق-کودکان),logos/temporary.png,نهاد کودکان مقدمند ( کمپین بین المللی در دفاع از حقوق کودکان),,,,,https://www.childrenfirstnow.com/,childrenfirstnow1@gmail.com,,,,,,,,,,,,,,,,,,,,"background-image: linear-gradient(120deg, #fdfbfb 0%, #ebedee 100%);"
زن-زندگی-آزادی--نورنبرگ,39,ORG,/op/زن-زندگی-آزادی--نورنبرگ,logos/39.png,زن زندگی آزادی- نورنبرگ,Women Life Freedom - Nurenberg,,"Nuremberg, DEmany",,https://www.womanlifefreedomnuernberg.de/,womanlifefreedomnuernberg@gmail.com,,"We are an association of activists who came together to campaign for “Woman, Life, Freedom” after the murder of Jina Mahsa Amini on September 16, 2022 and the start of the Women, Life, Freedom Revolution in Iran. As a registered association in Nuremberg, DEmany, we are committed to a secular and democratic society in Iran.Our members represent different nationalities, ages, faiths, ideologies and genders, and we value and promote this diversity.","The magnitude of mobalization of resources among Iranians was a victory on the streets and in the media, inside and outside Iran. But the path to freedom is not short or easy.","September 16, 2022",,,,,,,,,,,,,,,,"background-image: linear-gradient(120deg, #fdfbfb 0%, #ebedee 100%);"
ما-مهسا-امینی-هستیم,6,ORG,/op/ما-مهسا-امینی-هستیم,logos/6.png,ما مهسا امینی هستیم,We Are Mahsa Amini,,Everywhere,,https://wearemahsaamini.com/,Shafiee Sabet: https://github.com/sssabet,,,Broadcasting,,,,,,,,,,,,,,,,,"background-image: linear-gradient(120deg, #fdfbfb 0%, #ebedee 100%);"
بنیاد-مهسا-(-دانمارک),139,ORG,/op/بنیاد-مهسا-(-دانمارک),logos/temporary.png,بنیاد مهسا ( دانمارک),,,,,,,,,,,,,,,,,,,,,,,,,,"background-image: linear-gradient(120deg, #fdfbfb 0%, #ebedee 100%);"
Red-roots,157,ORG,/op/Red-roots,logos/temporary.png,,Red roots,,"Maschester, UK",,https://redrootscollective0.blog/,redrootscollectivemcr@gmail.com,,,,,,,,,,,,,,,,,,,,"background-image: linear-gradient(120deg, #fdfbfb 0%, #ebedee 100%);"
منجنیق,165,رسانه,/op/منجنیق,logos/temporary.png,منجنیق,,,,,,,,,,,,,,,,,,,,,,,,,,"background-image: linear-gradient(120deg, #fdfbfb 0%, #ebedee 100%);"
جامعه-بین-المللی-دانشگاهیان-ایران,3,ORG,/op/جامعه-بین-المللی-دانشگاهیان-ایران,logos/3.png,جامعه بین المللی دانشگاهیان ایران,INTERNATIONAL COMMUNITY OF IRANIAN ACADEMICS,,"Europe, New Zeland, AUS, North America",,https://icoia.org/,https://icoia.org/contact-us-1,,sdasdaasdas,various,,,,200,,,,,,,,,,,,,"background-image: linear-gradient(120deg, #fdfbfb 0%, #ebedee 100%);"
انجمن-مانا,50,ORG,/op/انجمن-مانا,logos/50.png,انجمن مانا,Associazione Mana,,Metropolitan City of Rome Capital in Italy,,https://www.associazionemana.org/,associazionemanatorino@gmail.com,,Mana is a social promotion association founded in July 2020 by some young professionals who already work within the network of the Prisma Project – for Helping Relations.,,July 2020,,,,,,,,,,,,,,,,"background-image: linear-gradient(120deg, #fdfbfb 0%, #ebedee 100%);"
کمیته-دفاع-از-حقوق-بشر-همبستگی-جمهوریخواهان-ایران-(هجا),111,H_ORG,/op/کمیته-دفاع-از-حقوق-بشر-همبستگی-جمهوریخواهان-ایران-(هجا),logos/temporary.png,کمیته دفاع از حقوق بشر همبستگی جمهوریخواهان ایران (هجا),,,,,https://iranian-republic.org/,,,,,,,,,,,,,,,,,,,,,"background-image: linear-gradient(120deg, #fdfbfb 0%, #ebedee 100%);"
صدای-ایران-واشنگتن,33,ORG,/op/صدای-ایران-واشنگتن,logos/33.png,صدای ایران واشنگتن,Voice of Iran,,US/Wa,,https://www.voiceofiran.org/,info@voiceofiran.org,,Voice of Iran WA is a non-governmental organization (NGO) founded in Washington State. They advocate for human rights and democracy in Iran. They also provide support to the Iranian community in Washington State.,The “Voice of Iran” [VOI] is a WA State non-governmental organization [NGO] founded by Arezou Bagan.,September 2022,,,,,,,,,,,,,,,,"background-image: linear-gradient(120deg, #fdfbfb 0%, #ebedee 100%);"
تلویزیون-گردآفرید,143,ORG,/op/تلویزیون-گردآفرید,logos/temporary.png,تلویزیون گردآفرید,,,,,,,,,,,,,,,,,,,,,,,,,,"background-image: linear-gradient(120deg, #fdfbfb 0%, #ebedee 100%);"
عاشقان-ایران,27,ORG,/op/عاشقان-ایران,logos/27.png,عاشقان ایران,IRAN LOVERS,,"Toronto, Canada",,https://www.iranlovers.org/,,+1(437)445-1401,"Supporting the ongoing struggle for freedom in Iran. They actively participate in and organize rallies, demonstrations, and other events to raise awareness about the human rights situation in Iran and show solidarity with those fighting for change within the country.Amplifying the voices of Iranians fighting for freedom. They use their platform to share stories, news, and perspectives from Iranians on the ground, ensuring their voices are heard globally.","Iran Lovers is a non-profit, non-partisan organization comprised of Iranians in the diaspora. We support and amplify the voices of those fighting for freedom in Iran.",,,,,,,,,,,,,,,,,"background-image: linear-gradient(120deg, #fdfbfb 0%, #ebedee 100%);"
کمپین-نه-به-اعدام,211,H_ORG,/op/کمپین-نه-به-اعدام,,کمپین نه به اعدام,,,,,https://twitter.com/NoToExecution_,,,,,,,,,,,,,,,,,,,,,"background-image: linear-gradient(120deg, #fdfbfb 0%, #ebedee 100%);"
ستاد-زن،-زندگی،-آزادی-مونترال,100,ORG,/op/ستاد-زن،-زندگی،-آزادی-مونترال,logos/temporary.png,ستاد زن، زندگی، آزادی مونترال,"Montreal Women, Life, Freedom Headquarters",,,,https://www.instagram.com/femmevielibertemtl/,,,"The headquarters of 'Women, Life, Freedom' Montreal is an active and organized group in the city of Montreal, Canada, which works in support of the 'Women, Life, Freedom' movement in Iran and the fight against the regime of the Islamic Republic. By organizing gatherings, protests, and cultural and artistic programs, this headquarters brings the voice of Iranian people's protest to the world and demands freedom and equality for women and all Iranian people.",,,,,,,,,,,,,,,,,,"background-image: linear-gradient(120deg, #fdfbfb 0%, #ebedee 100%);"
کمیته-یادمان-کشتار-زندانیان-سیاسی-دهه-۶۰-مونترال,114,ORG,/op/کمیته-یادمان-کشتار-زندانیان-سیاسی-دهه-۶۰-مونترال,logos/temporary.png,کمیته یادمان کشتار زندانیان سیاسی دهه ۶۰ مونترال,,,,,,,,,,,,,,,,,,,,,,,,,,"background-image: linear-gradient(120deg, #fdfbfb 0%, #ebedee 100%);"
انجمن-مالموکرد,85,ORG,/op/انجمن-مالموکرد,logos/85.png,انجمن مالموکرد,Malmokurd Forening,,,,https://mkforening.wordpress.com/,malmokurdforening@gmail.com,,,,,,,,,,,,,,,,,,,,"background-image: linear-gradient(120deg, #fdfbfb 0%, #ebedee 100%);"
مرکز-اسناد-حقوق-بشر-ایران,23,H_ORG,/op/مرکز-اسناد-حقوق-بشر-ایران,logos/23.png,مرکز اسناد حقوق بشر ایران,Iran Human Rights Documentation Center,,USA,"New Haven, Connecticut, USA     129 Church StreetSuite 101New Haven, CT 06510",https://iranhrdc.org/,info@iranhrdc.org,,The Iran Human Rights Documentation Center (IHRDC) is a non-profit organization dedicated to promoting human rights and accountability in Iran.,,"Founded in 2004, amidst growing concerns about the lack of comprehensive documentation of human rights abuses in Iran.",,,,,,,,,,,,,,,,"background-image: linear-gradient(120deg, #fdfbfb 0%, #ebedee 100%);"
تیرگان-2023,73,ORG,/op/تیرگان-2023,logos/73.png,تیرگان 2023,Tirgan 2023,,CA,,https://tirgan.ca/,info@tirgan.ca,,,"Tirgan is a nonpartisan, non-religious, nonprofit Canadian registered charitable organization committed to promoting cross-cultural dialogue between Iranian-Canadians and the global community at large, through year-round production of cultural programs including festivals.",,,,,,,,,,,https://www.instagram.com/dr.rezamoridi/?hl=en,,,,,,"background-image: linear-gradient(120deg, #fdfbfb 0%, #ebedee 100%);"
زن-زندگی-آزادی-نیویورک,38,ORG,/op/زن-زندگی-آزادی-نیویورک,logos/temporary.png,زن زندگی آزادی نیویورک,Woman Life Freedom NYC,,US,,https://wlfnyc.org/,,,"Woman Life Freedom NYC is a non-profit organization dedicated to amplifying the voices of the ongoing movements in Iran, particularly focusing on the fight against oppression and supporting the woman-led uprising.They are committed to fostering solidarity between the Iranian diaspora and those fighting for freedom within Iran.",Woman Life Freedom NYC is an independent nonprofit organization dedicated to accurately amplifying the voices of movements inside Iran to build solidarity with them and their fight against all types of oppression.,,,,,,,,,,,,,,,,,"background-image: linear-gradient(120deg, #fdfbfb 0%, #ebedee 100%);"
freedom4iran-canberra,66,ORG,/op/freedom4iran-canberra,logos/66.png,,freedom4iran canberra,,AUS,,https://www.instagram.com/freedom4iran.canberra,,,,,,,,,,,,,,,,,,,,,"background-image: linear-gradient(120deg, #fdfbfb 0%, #ebedee 100%);"
کمیته-بین-المللی-علیه-اعدام,109,ORG,/op/کمیته-بین-المللی-علیه-اعدام,logos/temporary.png,کمیته بین المللی علیه اعدام,,,,,https://x.com/icae14?lang=en,,,,,,,,,,,,,,,,,,,,,"background-image: linear-gradient(120deg, #fdfbfb 0%, #ebedee 100%);"
شورای-هماهنگی-رسانه‌های-مردمی-و-مبارز,220,P_ORG,/op/شورای-هماهنگی-رسانه‌های-مردمی-و-مبارز,,شورای هماهنگی رسانه‌های مردمی و مبارز,,,,,https://t.me/Shorayhamahangi,,,,,,,,,,,https://t.me/SedaiazadiAD,,,,,,,,,,"background-image: linear-gradient(120deg, #fdfbfb 0%, #ebedee 100%);"
کمیته-دفاع-از-حقوق-بشر-در-ایران اتریش,110,ORG,/op/کمیته-دفاع-از-حقوق-بشر-در-ایران اتریش,logos/temporary.png,کمیته دفاع از حقوق بشر در ایران – اتریش,,,,,,,,,,,,,,,,,,,,,,,,,,"background-image: linear-gradient(120deg, #fdfbfb 0%, #ebedee 100%);"
STAGE-OF-FREEDOM,28,ORG,/op/STAGE-OF-FREEDOM,logos/28.png,,STAGE OF FREEDOM,,UK,,https://stageoffreedom.com/,https://stageoffreedom.com/contact/,,"Since September 2022 Iranians of all backgrounds have come together to build a free and democratic Iran and the British Iranian diaspora is no exception.We are independent and are not linked to or representative of any political party or opposition group, our sole mission is to use art and performances as a medium to highlight the brutality that innocent freedom fighting civilians face in Iran and to raise awareness amongst the British Public.","A group of democratic activists with various political affiliation, Iran’s freedom is our only goal through art and performances.",September 2022,,,,,,,,,,https://www.instagram.com/stage_of_freedom,,,,,,"background-image: linear-gradient(120deg, #fdfbfb 0%, #ebedee 100%);"
جنبش-توسعه-و-مدنیت,245,P_ORG,/op/جنبش-توسعه-و-مدنیت,logos/temporary.png,جنبش توسعه و مدنیت,,,,,https://www.nafarmani.net/,,,,,,https://www.nafarmani.net/index.php/documents/statute,,,,,,,,,,,,,,,"background-image: linear-gradient(120deg, #fdfbfb 0%, #ebedee 100%);"
سازمان-حقوق-بشر-ایران،-نروژ,,,/op/سازمان-حقوق-بشر-ایران،-نروژ,,سازمان حقوق بشر ایران، نروژ,,,,,,,,,,,,,,,,,,,,,,,,,,"background-image: linear-gradient(120deg, #fdfbfb 0%, #ebedee 100%);"
کمیته-مینه-سوتا-در-حمایت-از-ایران-دموکراتیک,41,ORG,/op/کمیته-مینه-سوتا-در-حمایت-از-ایران-دموکراتیک,logos/41.png,کمیته مینه سوتا در حمایت از ایران دموکراتیک,Minnesota Committee in Support of a Democratic Iran (MCSDI),,US,,https://mcsdi.org/,mnrallyforiran@gmail.com,,The Minnesota Committee in Support of a Democratic Iran (MCSDI) is an Iranian-American organization located in Minnesota. Its primary goal is to raise awareness about the human rights violations occurring in Iran and to advocate for the pro-democracy movement within the country.,"MCSDI is an Iranian-American organization based in Minnesota with the goal of raising awareness of the violations of human rights in Iran, and to garner support for the pro-democracy movement of the Iranian people.",,,,,,,,,,,,,,,,,"background-image: linear-gradient(120deg, #fdfbfb 0%, #ebedee 100%);"
خطای-امنیتی-(ERRORsec),186,گوناگون,/op/خطای-امنیتی-(ERRORsec),logos/temporary.png,خطای امنیتی (ERRORsec),,,,,http://errorsec.blogfa.com/,,,,,,,,,,,,,,,,,,,,,"background-image: linear-gradient(120deg, #fdfbfb 0%, #ebedee 100%);"
تشکل-ها-و-جمع-های-دانشجویی-دانشگاه‌های-سراسر-ایران-(هفده-تشکل-و-گروه-دانشجویی),142,ORG,/op/تشکل-ها-و-جمع-های-دانشجویی-دانشگاه‌های-سراسر-ایران-(هفده-تشکل-و-گروه-دانشجویی),logos/temporary.png,تشکل ها و جمع های دانشجویی دانشگاه‌های سراسر ایران (هفده تشکل و گروه دانشجویی),,,,,,,,,,,,,,,,,,,,,,,,,,"background-image: linear-gradient(120deg, #fdfbfb 0%, #ebedee 100%);"
ناشناس‌ها-(انانیموس),184,گوناگون,/op/ناشناس‌ها-(انانیموس),logos/temporary.png,ناشناس‌ها (انانیموس),,,,,https://www.anonymoushackers.net/,,,,,,,,,,,,,,,,,,,,,"background-image: linear-gradient(120deg, #fdfbfb 0%, #ebedee 100%);"
کمیته-آزادی-زندانیان-سیاسی,96,ORG,/op/کمیته-آزادی-زندانیان-سیاسی,logos/temporary.png,کمیته آزادی زندانیان سیاسی,Committee for the release of political prisoners,,,,http://www.cfppi.org/,cfppiiran2006@gmail.com,,"The Committee for the Release of Political Prisoners is a group or non-governmental organization that works for the release of people imprisoned for their political activities or beliefs. These committees usually include human rights activists, lawyers, journalists, families of political prisoners, and other concerned individuals.",,,,,,,,,,,,,,,,,,"background-image: linear-gradient(120deg, #fdfbfb 0%, #ebedee 100%);"
اتاق-فکر-مدیریت-تغییر-هوشمند-برای-حقوق-بشر,34,ORG,/op/اتاق-فکر-مدیریت-تغییر-هوشمند-برای-حقوق-بشر,logos/34.png,اتاق فکر مدیریت تغییر هوشمند برای حقوق بشر,Intelligent Change Management Think Tank for Human Rights,,"Barrie, Ontario, Canada",,https://icmhr.org/,,,"The Intelligent Change Management Think Tank for Human Rights is a Canadian non-profit organization located in Barrie, Ontario. It was founded by Dr. Alan Bostakian.    Change Management: Provides advisory, research, and education services on change management and leadership.Human Rights: Focuses on human rights issues, although specifics aren't readily available online.Persian and Iranian Communities: Develops events and training programs related to these communities.",the Intelligent Change Management Think Tank for Human Rights is a federally registered Canadian not-for-profit organization.,Founded by Dr. Alan Bostakian,,,,,,,,,,,,,,,,"background-image: linear-gradient(120deg, #fdfbfb 0%, #ebedee 100%);"
گروه-موزیک-برای-ایران,123,ORG,/op/گروه-موزیک-برای-ایران,logos/temporary.png,گروه موزیک برای ایران,,,,,,,,,,,,,,,,,,,,,,,,,,"background-image: linear-gradient(120deg, #fdfbfb 0%, #ebedee 100%);"
جامعه-ایرانیان-FNQ,53,ORG,/op/جامعه-ایرانیان-FNQ,logos/53.png,جامعه ایرانیان FNQ,FNQ Iranian Community,,AUS,"28 Eagle Terrace, Milton QLD 4064, AUS.",https://www.facebook.com/profile.php?id=100065039942588&locale=hi_IN,,,"The Iranian community in Far North Queensland (FNQ) is a relatively small but growing community. Many individuals have moved to the region for reasons like pursuing academic opportunities, seeking a safer environment, or enjoying a better quality of life.",,,,,,,,,,,,,,,,,,"background-image: linear-gradient(120deg, #fdfbfb 0%, #ebedee 100%);"
Feminista-Melbourne,161,ORG,/op/Feminista-Melbourne,logos/temporary.png,,Feminista Melbourne,,,,,,,,,,,,,,,,,,,,,,,,,"background-image: linear-gradient(120deg, #fdfbfb 0%, #ebedee 100%);"
گروه-ایران-سولیداریتی-تورنتو,118,ORG,/op/گروه-ایران-سولیداریتی-تورنتو,logos/temporary.png,گروه ایران سولیداریتی تورنتو,,,,,https://www.facebook.com/groups/699156160154957/,,,,,,,,,,,,,,,,,,,,,"background-image: linear-gradient(120deg, #fdfbfb 0%, #ebedee 100%);"
نهاد-نه-به-تابو،-نه-به-خشونت-علیه-زنان,95,ORG,/op/نهاد-نه-به-تابو،-نه-به-خشونت-علیه-زنان,logos/temporary.png,نهاد نه به تابو، نه به خشونت علیه زنان,"No to taboo, no to violence against women",,,,,nabaxoshonat@gmail.com,,"No to taboo, no to violence against women' institution is an important social movement that was formed with the aim of fighting violence against women and breaking gender taboos in society. With its wide-ranging activities, this organization strives to raise public awareness about domestic violence, sexual harassment, honor killings and other forms of discrimination against women.",,,,,,,,,,,,,,,,,,"background-image: linear-gradient(120deg, #fdfbfb 0%, #ebedee 100%);"
رسانه-سیاسی-اجتماعی-نان-و-گل-سرخ,98,ORG,/op/رسانه-سیاسی-اجتماعی-نان-و-گل-سرخ,logos/temporary.png,رسانه سیاسی اجتماعی نان و گل سرخ,Bread and Rose Social Political Media,,,,,,,"Bread and Rose' seems to be an independent blog or media that focuses on economic, social and political issues of the society. Based on the limited information available, it appears that the outlet is likely to promote left-wing and feminist views and address issues such as gender equality, workers' rights, and social justice.",,,,,,,,,,,,,,,,,,"background-image: linear-gradient(120deg, #fdfbfb 0%, #ebedee 100%);"
گروه-ایران-سولیداریتی-اتاوا,117,ORG,/op/گروه-ایران-سولیداریتی-اتاوا,logos/temporary.png,گروه ایران سولیداریتی اتاوا,,,,,,,,,,,,,,,,,,,,,,,,,,"background-image: linear-gradient(120deg, #fdfbfb 0%, #ebedee 100%);"
کمپین-اتحاد-برای-زم,212,H_ORG,/op/کمپین-اتحاد-برای-زم,,کمپین اتحاد برای زم,,,,,,,,,,,,,,,,,,,,,,,,,,"background-image: linear-gradient(120deg, #fdfbfb 0%, #ebedee 100%);"
